--
-- PostgreSQL database dump
--

-- Dumped from database version 17.2
-- Dumped by pg_dump version 17.2

SET statement_timeout = 0;
SET lock_timeout = 0;
SET idle_in_transaction_session_timeout = 0;
SET transaction_timeout = 0;
SET client_encoding = 'UTF8';
SET standard_conforming_strings = on;
SELECT pg_catalog.set_config('search_path', '', false);
SET check_function_bodies = false;
SET xmloption = content;
SET client_min_messages = warning;
SET row_security = off;

SET default_tablespace = '';

SET default_table_access_method = heap;

--
-- Name: auth_group; Type: TABLE; Schema: public; Owner: shronal
--

CREATE TABLE public.auth_group (
    id integer NOT NULL,
    name character varying(150) NOT NULL
);


ALTER TABLE public.auth_group OWNER TO shronal;

--
-- Name: auth_group_id_seq; Type: SEQUENCE; Schema: public; Owner: shronal
--

ALTER TABLE public.auth_group ALTER COLUMN id ADD GENERATED BY DEFAULT AS IDENTITY (
    SEQUENCE NAME public.auth_group_id_seq
    START WITH 1
    INCREMENT BY 1
    NO MINVALUE
    NO MAXVALUE
    CACHE 1
);


--
-- Name: auth_group_permissions; Type: TABLE; Schema: public; Owner: shronal
--

CREATE TABLE public.auth_group_permissions (
    id bigint NOT NULL,
    group_id integer NOT NULL,
    permission_id integer NOT NULL
);


ALTER TABLE public.auth_group_permissions OWNER TO shronal;

--
-- Name: auth_group_permissions_id_seq; Type: SEQUENCE; Schema: public; Owner: shronal
--

ALTER TABLE public.auth_group_permissions ALTER COLUMN id ADD GENERATED BY DEFAULT AS IDENTITY (
    SEQUENCE NAME public.auth_group_permissions_id_seq
    START WITH 1
    INCREMENT BY 1
    NO MINVALUE
    NO MAXVALUE
    CACHE 1
);


--
-- Name: auth_permission; Type: TABLE; Schema: public; Owner: shronal
--

CREATE TABLE public.auth_permission (
    id integer NOT NULL,
    name character varying(255) NOT NULL,
    content_type_id integer NOT NULL,
    codename character varying(100) NOT NULL
);


ALTER TABLE public.auth_permission OWNER TO shronal;

--
-- Name: auth_permission_id_seq; Type: SEQUENCE; Schema: public; Owner: shronal
--

ALTER TABLE public.auth_permission ALTER COLUMN id ADD GENERATED BY DEFAULT AS IDENTITY (
    SEQUENCE NAME public.auth_permission_id_seq
    START WITH 1
    INCREMENT BY 1
    NO MINVALUE
    NO MAXVALUE
    CACHE 1
);


--
-- Name: auth_user; Type: TABLE; Schema: public; Owner: shronal
--

CREATE TABLE public.auth_user (
    id integer NOT NULL,
    password character varying(128) NOT NULL,
    last_login timestamp with time zone,
    is_superuser boolean NOT NULL,
    username character varying(150) NOT NULL,
    first_name character varying(150) NOT NULL,
    last_name character varying(150) NOT NULL,
    email character varying(254) NOT NULL,
    is_staff boolean NOT NULL,
    is_active boolean NOT NULL,
    date_joined timestamp with time zone NOT NULL
);


ALTER TABLE public.auth_user OWNER TO shronal;

--
-- Name: auth_user_groups; Type: TABLE; Schema: public; Owner: shronal
--

CREATE TABLE public.auth_user_groups (
    id bigint NOT NULL,
    user_id integer NOT NULL,
    group_id integer NOT NULL
);


ALTER TABLE public.auth_user_groups OWNER TO shronal;

--
-- Name: auth_user_groups_id_seq; Type: SEQUENCE; Schema: public; Owner: shronal
--

ALTER TABLE public.auth_user_groups ALTER COLUMN id ADD GENERATED BY DEFAULT AS IDENTITY (
    SEQUENCE NAME public.auth_user_groups_id_seq
    START WITH 1
    INCREMENT BY 1
    NO MINVALUE
    NO MAXVALUE
    CACHE 1
);


--
-- Name: auth_user_id_seq; Type: SEQUENCE; Schema: public; Owner: shronal
--

ALTER TABLE public.auth_user ALTER COLUMN id ADD GENERATED BY DEFAULT AS IDENTITY (
    SEQUENCE NAME public.auth_user_id_seq
    START WITH 1
    INCREMENT BY 1
    NO MINVALUE
    NO MAXVALUE
    CACHE 1
);


--
-- Name: auth_user_user_permissions; Type: TABLE; Schema: public; Owner: shronal
--

CREATE TABLE public.auth_user_user_permissions (
    id bigint NOT NULL,
    user_id integer NOT NULL,
    permission_id integer NOT NULL
);


ALTER TABLE public.auth_user_user_permissions OWNER TO shronal;

--
-- Name: auth_user_user_permissions_id_seq; Type: SEQUENCE; Schema: public; Owner: shronal
--

ALTER TABLE public.auth_user_user_permissions ALTER COLUMN id ADD GENERATED BY DEFAULT AS IDENTITY (
    SEQUENCE NAME public.auth_user_user_permissions_id_seq
    START WITH 1
    INCREMENT BY 1
    NO MINVALUE
    NO MAXVALUE
    CACHE 1
);


--
-- Name: django_admin_log; Type: TABLE; Schema: public; Owner: shronal
--

CREATE TABLE public.django_admin_log (
    id integer NOT NULL,
    action_time timestamp with time zone NOT NULL,
    object_id text,
    object_repr character varying(200) NOT NULL,
    action_flag smallint NOT NULL,
    change_message text NOT NULL,
    content_type_id integer,
    user_id integer NOT NULL,
    CONSTRAINT django_admin_log_action_flag_check CHECK ((action_flag >= 0))
);


ALTER TABLE public.django_admin_log OWNER TO shronal;

--
-- Name: django_admin_log_id_seq; Type: SEQUENCE; Schema: public; Owner: shronal
--

ALTER TABLE public.django_admin_log ALTER COLUMN id ADD GENERATED BY DEFAULT AS IDENTITY (
    SEQUENCE NAME public.django_admin_log_id_seq
    START WITH 1
    INCREMENT BY 1
    NO MINVALUE
    NO MAXVALUE
    CACHE 1
);


--
-- Name: django_content_type; Type: TABLE; Schema: public; Owner: shronal
--

CREATE TABLE public.django_content_type (
    id integer NOT NULL,
    app_label character varying(100) NOT NULL,
    model character varying(100) NOT NULL
);


ALTER TABLE public.django_content_type OWNER TO shronal;

--
-- Name: django_content_type_id_seq; Type: SEQUENCE; Schema: public; Owner: shronal
--

ALTER TABLE public.django_content_type ALTER COLUMN id ADD GENERATED BY DEFAULT AS IDENTITY (
    SEQUENCE NAME public.django_content_type_id_seq
    START WITH 1
    INCREMENT BY 1
    NO MINVALUE
    NO MAXVALUE
    CACHE 1
);


--
-- Name: django_migrations; Type: TABLE; Schema: public; Owner: shronal
--

CREATE TABLE public.django_migrations (
    id bigint NOT NULL,
    app character varying(255) NOT NULL,
    name character varying(255) NOT NULL,
    applied timestamp with time zone NOT NULL
);


ALTER TABLE public.django_migrations OWNER TO shronal;

--
-- Name: django_migrations_id_seq; Type: SEQUENCE; Schema: public; Owner: shronal
--

ALTER TABLE public.django_migrations ALTER COLUMN id ADD GENERATED BY DEFAULT AS IDENTITY (
    SEQUENCE NAME public.django_migrations_id_seq
    START WITH 1
    INCREMENT BY 1
    NO MINVALUE
    NO MAXVALUE
    CACHE 1
);


--
-- Name: django_session; Type: TABLE; Schema: public; Owner: shronal
--

CREATE TABLE public.django_session (
    session_key character varying(40) NOT NULL,
    session_data text NOT NULL,
    expire_date timestamp with time zone NOT NULL
);


ALTER TABLE public.django_session OWNER TO shronal;

--
-- Name: home_claim; Type: TABLE; Schema: public; Owner: shronal
--

CREATE TABLE public.home_claim (
    id bigint NOT NULL,
    claimant_name character varying(100) NOT NULL,
    claimant_email character varying(254) NOT NULL,
    claimant_phone character varying(15) NOT NULL,
    claim_date timestamp with time zone NOT NULL,
    claim_message text NOT NULL,
    found_item_id bigint,
    item_id bigint
);


ALTER TABLE public.home_claim OWNER TO shronal;

--
-- Name: home_claim_id_seq; Type: SEQUENCE; Schema: public; Owner: shronal
--

ALTER TABLE public.home_claim ALTER COLUMN id ADD GENERATED BY DEFAULT AS IDENTITY (
    SEQUENCE NAME public.home_claim_id_seq
    START WITH 1
    INCREMENT BY 1
    NO MINVALUE
    NO MAXVALUE
    CACHE 1
);


--
-- Name: home_contact; Type: TABLE; Schema: public; Owner: shronal
--

CREATE TABLE public.home_contact (
    id bigint NOT NULL,
    "desc" text NOT NULL,
    email character varying(254),
    fname character varying(100),
    lname character varying(100)
);


ALTER TABLE public.home_contact OWNER TO shronal;

--
-- Name: home_contact_id_seq; Type: SEQUENCE; Schema: public; Owner: shronal
--

ALTER TABLE public.home_contact ALTER COLUMN id ADD GENERATED BY DEFAULT AS IDENTITY (
    SEQUENCE NAME public.home_contact_id_seq
    START WITH 1
    INCREMENT BY 1
    NO MINVALUE
    NO MAXVALUE
    CACHE 1
);


--
-- Name: home_founditem; Type: TABLE; Schema: public; Owner: shronal
--

CREATE TABLE public.home_founditem (
    id bigint NOT NULL,
    name character varying(100) NOT NULL,
    email character varying(254) NOT NULL,
    phone character varying(15) NOT NULL,
    item_name character varying(100) NOT NULL,
    item_type character varying(50) NOT NULL,
    color character varying(50) NOT NULL,
    brand character varying(50) NOT NULL,
    date_found date NOT NULL,
    location_found character varying(100) NOT NULL,
    details text NOT NULL,
    photo character varying(100) NOT NULL
);


ALTER TABLE public.home_founditem OWNER TO shronal;

--
-- Name: home_founditem_id_seq; Type: SEQUENCE; Schema: public; Owner: shronal
--

ALTER TABLE public.home_founditem ALTER COLUMN id ADD GENERATED BY DEFAULT AS IDENTITY (
    SEQUENCE NAME public.home_founditem_id_seq
    START WITH 1
    INCREMENT BY 1
    NO MINVALUE
    NO MAXVALUE
    CACHE 1
);


--
-- Name: home_lostitem; Type: TABLE; Schema: public; Owner: shronal
--

CREATE TABLE public.home_lostitem (
    id bigint NOT NULL,
    name character varying(100) NOT NULL,
    email character varying(254) NOT NULL,
    phone character varying(15) NOT NULL,
    item_name character varying(100) NOT NULL,
    item_type character varying(50) NOT NULL,
    color character varying(50) NOT NULL,
    brand character varying(50) NOT NULL,
    date_lost date NOT NULL,
    location_lost character varying(100) NOT NULL,
    details text NOT NULL,
    photo character varying(100) NOT NULL
);


ALTER TABLE public.home_lostitem OWNER TO shronal;

--
-- Name: home_lostitem_id_seq; Type: SEQUENCE; Schema: public; Owner: shronal
--

ALTER TABLE public.home_lostitem ALTER COLUMN id ADD GENERATED BY DEFAULT AS IDENTITY (
    SEQUENCE NAME public.home_lostitem_id_seq
    START WITH 1
    INCREMENT BY 1
    NO MINVALUE
    NO MAXVALUE
    CACHE 1
);


--
-- Name: home_userprofile; Type: TABLE; Schema: public; Owner: shronal
--

CREATE TABLE public.home_userprofile (
    id bigint NOT NULL,
    profile_pic character varying(100) NOT NULL,
    user_id integer NOT NULL
);


ALTER TABLE public.home_userprofile OWNER TO shronal;

--
-- Name: home_userprofile_id_seq; Type: SEQUENCE; Schema: public; Owner: shronal
--

ALTER TABLE public.home_userprofile ALTER COLUMN id ADD GENERATED BY DEFAULT AS IDENTITY (
    SEQUENCE NAME public.home_userprofile_id_seq
    START WITH 1
    INCREMENT BY 1
    NO MINVALUE
    NO MAXVALUE
    CACHE 1
);


--
-- Data for Name: auth_group; Type: TABLE DATA; Schema: public; Owner: shronal
--

COPY public.auth_group (id, name) FROM stdin;
\.


--
-- Data for Name: auth_group_permissions; Type: TABLE DATA; Schema: public; Owner: shronal
--

COPY public.auth_group_permissions (id, group_id, permission_id) FROM stdin;
\.


--
-- Data for Name: auth_permission; Type: TABLE DATA; Schema: public; Owner: shronal
--

COPY public.auth_permission (id, name, content_type_id, codename) FROM stdin;
1	Can add contact	1	add_contact
2	Can change contact	1	change_contact
3	Can delete contact	1	delete_contact
4	Can view contact	1	view_contact
5	Can add lost item	2	add_lostitem
6	Can change lost item	2	change_lostitem
7	Can delete lost item	2	delete_lostitem
8	Can view lost item	2	view_lostitem
9	Can add user profile	3	add_userprofile
10	Can change user profile	3	change_userprofile
11	Can delete user profile	3	delete_userprofile
12	Can view user profile	3	view_userprofile
13	Can add found item	4	add_founditem
14	Can change found item	4	change_founditem
15	Can delete found item	4	delete_founditem
16	Can view found item	4	view_founditem
17	Can add log entry	5	add_logentry
18	Can change log entry	5	change_logentry
19	Can delete log entry	5	delete_logentry
20	Can view log entry	5	view_logentry
21	Can add permission	6	add_permission
22	Can change permission	6	change_permission
23	Can delete permission	6	delete_permission
24	Can view permission	6	view_permission
25	Can add group	7	add_group
26	Can change group	7	change_group
27	Can delete group	7	delete_group
28	Can view group	7	view_group
29	Can add user	8	add_user
30	Can change user	8	change_user
31	Can delete user	8	delete_user
32	Can view user	8	view_user
33	Can add content type	9	add_contenttype
34	Can change content type	9	change_contenttype
35	Can delete content type	9	delete_contenttype
36	Can view content type	9	view_contenttype
37	Can add session	10	add_session
38	Can change session	10	change_session
39	Can delete session	10	delete_session
40	Can view session	10	view_session
41	Can add claim	11	add_claim
42	Can change claim	11	change_claim
43	Can delete claim	11	delete_claim
44	Can view claim	11	view_claim
\.


--
-- Data for Name: auth_user; Type: TABLE DATA; Schema: public; Owner: shronal
--

COPY public.auth_user (id, password, last_login, is_superuser, username, first_name, last_name, email, is_staff, is_active, date_joined) FROM stdin;
2	pbkdf2_sha256$870000$1YbZnXQyTyT60GFXOQHvDs$eyh5gUKUBX45cta8EShdUxTLNZmv68k5TOEY1uwy6Hs=	\N	f	subekshya	Subekshya	N/A	subekshyakarki085@gmail.com	f	t	2025-01-09 11:28:28.835952+05:45
5	pbkdf2_sha256$870000$DzpNQghrfmJRHCxQz3C0rH$AJ68tlR7u+YvpOrfO/K1hsdLBxtyjCiyJ0WNiKvNK2Q=	2025-01-25 18:15:07.875178+05:45	f	jhonrai	Jhon	Rai	jhonrai999@gmail.com	f	t	2025-01-24 22:32:27.233711+05:45
4	pbkdf2_sha256$870000$Xr8xBjpazxYsuYoMPKxIfQ$d2JdKqQsSg6aXf4ydP9kswwc8p0IeGlEe2JUdBFCKIE=	2025-01-25 18:45:26.40168+05:45	t	shron			shronalduwal999@gmail.com	t	t	2025-01-09 12:00:30.348896+05:45
3	pbkdf2_sha256$870000$6fyJmU5L1yc8kkwTUBMzg7$uJFo77BSRbk017NqKz9DxzMl/0vUT+oR06NKGUyX0mM=	2025-01-26 09:37:42.612475+05:45	f	sonal	don	N/A	ershronal999@gmail.com	f	t	2025-01-09 11:31:43.935201+05:45
6	pbkdf2_sha256$870000$I5itFwlW10j4eNWfAeNe0e$RBerDN8HlaHRSTY80afL1mN9hGx6JYwsKNoWofFQEJI=	2025-01-26 12:03:45.503647+05:45	f	ramsesh	Ramesh	Uncle	rameshuncle123@gmail.com	f	t	2025-01-25 16:31:43.051482+05:45
7	pbkdf2_sha256$870000$1GWgtjgNeieE7Ic1qyhctt$5e0URgJOj5e8OMUdZZFkR/+eTq9lc5BW4t5RO20kp/I=	2025-01-26 14:25:04.209689+05:45	t	admin				t	t	2025-01-25 16:58:35.765412+05:45
1	pbkdf2_sha256$870000$EPIxPoX68hYTzcM3DJ0lOv$hU0nc4sFH0r40Nci18zW2Ew6qyUaBbucCYJZ/bk5XVE=	2025-01-26 16:57:37.91684+05:45	f	shronal	Shronal	Duwal	shronalduwal999@gmail.com	f	t	2025-01-08 22:19:12.098554+05:45
\.


--
-- Data for Name: auth_user_groups; Type: TABLE DATA; Schema: public; Owner: shronal
--

COPY public.auth_user_groups (id, user_id, group_id) FROM stdin;
\.


--
-- Data for Name: auth_user_user_permissions; Type: TABLE DATA; Schema: public; Owner: shronal
--

COPY public.auth_user_user_permissions (id, user_id, permission_id) FROM stdin;
\.


--
-- Data for Name: django_admin_log; Type: TABLE DATA; Schema: public; Owner: shronal
--

COPY public.django_admin_log (id, action_time, object_id, object_repr, action_flag, change_message, content_type_id, user_id) FROM stdin;
1	2025-01-25 13:23:31.605839+05:45	11	Power Bank reported by Nisha	2	[{"changed": {"fields": ["Photo"]}}]	2	4
2	2025-01-25 13:24:56.17061+05:45	10	Umbrella reported by Vishal	2	[{"changed": {"fields": ["Photo"]}}]	2	4
3	2025-01-25 13:25:47.699719+05:45	9	Book reported by Anjali	2	[{"changed": {"fields": ["Photo"]}}]	2	4
4	2025-01-25 13:27:33.087539+05:45	8	Sunglasses reported by Rohan	2	[{"changed": {"fields": ["Photo"]}}]	2	4
5	2025-01-25 13:28:40.462216+05:45	7	Headphones reported by Meera	2	[{"changed": {"fields": ["Details", "Photo"]}}]	2	4
6	2025-01-25 13:30:30.45563+05:45	5	Watch reported by Riya	2	[{"changed": {"fields": ["Photo"]}}]	2	4
7	2025-01-25 13:32:23.755126+05:45	3	Laptop reported by Aarav	2	[{"changed": {"fields": ["Photo"]}}]	2	4
8	2025-01-25 13:34:31.834568+05:45	6	Bag reported by Kiran	2	[{"changed": {"fields": ["Color", "Details", "Photo"]}}]	2	4
9	2025-01-25 16:59:33.658683+05:45	5	Wallet reported by Ananya	2	[{"changed": {"fields": ["Color"]}}]	4	7
10	2025-01-25 17:04:27.511663+05:45	5	Wallet reported by Ananya	2	[{"changed": {"fields": ["Color", "Brand", "Details", "Photo"]}}]	4	7
11	2025-01-25 17:04:54.069086+05:45	9	Sunglasses reported by Priya	2	[{"changed": {"fields": ["Details", "Photo"]}}]	4	7
12	2025-01-25 17:05:41.749466+05:45	6	Watch reported by Ravi	2	[{"changed": {"fields": ["Details", "Photo"]}}]	4	7
13	2025-01-25 17:07:05.008173+05:45	8	Headphones reported by Karan	2	[{"changed": {"fields": ["Photo"]}}]	4	7
14	2025-01-25 17:07:20.386787+05:45	10	Book reported by Siddharth	2	[{"changed": {"fields": ["Photo"]}}]	4	7
15	2025-01-25 17:09:21.151113+05:45	12	Power Bank reported by Simran	2	[{"changed": {"fields": ["Photo"]}}]	4	7
16	2025-01-25 17:10:06.677831+05:45	11	Umbrella reported by Rohit	2	[{"changed": {"fields": ["Photo"]}}]	4	7
17	2025-01-25 17:33:23.66237+05:45	13	Airpods reported by Jhon	2	[{"changed": {"fields": ["Item type"]}}]	4	7
18	2025-01-25 17:33:49.037345+05:45	11	Umbrella reported by Rohit	2	[{"changed": {"fields": ["Item type"]}}]	4	7
19	2025-01-25 17:38:51.965695+05:45	9	Sunglasses reported by Priya	2	[{"changed": {"fields": ["Item type"]}}]	4	7
20	2025-01-25 17:39:00.840343+05:45	5	Wallet reported by Ananya	2	[{"changed": {"fields": ["Item type"]}}]	4	7
21	2025-01-25 17:39:07.743863+05:45	7	Bag reported by Tanya	2	[{"changed": {"fields": ["Item type"]}}]	4	7
22	2025-01-25 17:40:24.875439+05:45	1	Hand gripper reported by Shronal Duwal	2	[{"changed": {"fields": ["Item type"]}}]	4	7
23	2025-01-25 17:40:35.538559+05:45	6	Watch reported by Ravi	2	[{"changed": {"fields": ["Item type"]}}]	4	7
24	2025-01-25 17:59:55.566069+05:45	13	Airpods reported by Jhon	3		4	7
25	2025-01-25 17:59:55.566069+05:45	12	Power Bank reported by Simran	3		4	7
26	2025-01-25 17:59:55.566069+05:45	11	Umbrella reported by Rohit	3		4	7
27	2025-01-25 17:59:55.566069+05:45	10	Book reported by Siddharth	3		4	7
28	2025-01-25 17:59:55.566069+05:45	9	Sunglasses reported by Priya	3		4	7
29	2025-01-25 17:59:55.566069+05:45	8	Headphones reported by Karan	3		4	7
30	2025-01-25 17:59:55.566069+05:45	7	Bag reported by Tanya	3		4	7
31	2025-01-25 17:59:55.566069+05:45	6	Watch reported by Ravi	3		4	7
32	2025-01-25 17:59:55.566069+05:45	5	Wallet reported by Ananya	3		4	7
33	2025-01-25 17:59:55.566069+05:45	4	Laptop reported by Isha	3		4	7
34	2025-01-25 17:59:55.566069+05:45	3	iPhone reported by Nikhil	3		4	7
35	2025-01-25 17:59:55.567069+05:45	2	Airpods reported by Ramesh	3		4	7
36	2025-01-25 17:59:55.567069+05:45	1	Hand gripper reported by Shronal Duwal	3		4	7
37	2025-01-25 18:14:08.816645+05:45	11	Power Bank reported by Nisha	3		2	7
38	2025-01-25 18:14:08.816645+05:45	10	Umbrella reported by Vishal	3		2	7
39	2025-01-25 18:14:08.816645+05:45	9	Book reported by Anjali	3		2	7
40	2025-01-25 18:14:08.816645+05:45	8	Sunglasses reported by Rohan	3		2	7
41	2025-01-25 18:14:08.816645+05:45	7	Headphones reported by Meera	3		2	7
42	2025-01-25 18:14:08.816645+05:45	6	Bag reported by Kiran	3		2	7
43	2025-01-25 18:14:08.816645+05:45	5	Watch reported by Riya	3		2	7
44	2025-01-25 18:14:08.816645+05:45	4	Wallet reported by Prisha	3		2	7
45	2025-01-25 18:14:08.816645+05:45	3	Laptop reported by Aarav	3		2	7
46	2025-01-25 18:14:08.816645+05:45	2	iPhone reported by Shronal	3		2	7
47	2025-01-25 18:14:08.816645+05:45	1	iPhone reported by Shronal	3		2	7
48	2025-01-26 14:27:52.591582+05:45	13	Claim by j for Airpods reported by Jhon	3		11	7
49	2025-01-26 14:27:52.591582+05:45	12	Claim by j for Airpods reported by Jhon	3		11	7
50	2025-01-26 14:27:52.591582+05:45	11	Claim by j for Airpods reported by Jhon	3		11	7
51	2025-01-26 14:27:52.591582+05:45	10	Claim by Shronal Duwal for Airpods reported by Jhon	3		11	7
52	2025-01-26 14:27:52.591582+05:45	9	Claim by Shronal Duwal for Airpods reported by Jhon	3		11	7
53	2025-01-26 14:27:52.591582+05:45	8	Claim by Shronal Duwal for Airpods reported by Jhon	3		11	7
54	2025-01-26 14:27:52.591582+05:45	7	Claim by Shronal Duwal for Airpods reported by Jhon	3		11	7
55	2025-01-26 14:27:52.591582+05:45	6	Claim by Shronal Duwal for Airpods reported by Jhon	3		11	7
56	2025-01-26 14:27:52.591582+05:45	5	Claim by Shronal Duwal for None	3		11	7
57	2025-01-26 14:27:52.591582+05:45	4	Claim by Shronal Duwal for None	3		11	7
58	2025-01-26 14:27:52.591582+05:45	3	Claim by Shronal Duwal for None	3		11	7
59	2025-01-26 14:27:52.591582+05:45	2	Claim by Kuma Sagar for None	3		11	7
60	2025-01-26 14:27:52.591582+05:45	1	Claim by Shronal Duwal for None	3		11	7
\.


--
-- Data for Name: django_content_type; Type: TABLE DATA; Schema: public; Owner: shronal
--

COPY public.django_content_type (id, app_label, model) FROM stdin;
1	home	contact
2	home	lostitem
3	home	userprofile
4	home	founditem
5	admin	logentry
6	auth	permission
7	auth	group
8	auth	user
9	contenttypes	contenttype
10	sessions	session
11	home	claim
\.


--
-- Data for Name: django_migrations; Type: TABLE DATA; Schema: public; Owner: shronal
--

COPY public.django_migrations (id, app, name, applied) FROM stdin;
1	contenttypes	0001_initial	2025-01-08 22:17:54.805169+05:45
2	auth	0001_initial	2025-01-08 22:17:54.877066+05:45
3	admin	0001_initial	2025-01-08 22:17:54.898952+05:45
4	admin	0002_logentry_remove_auto_add	2025-01-08 22:17:54.903952+05:45
5	admin	0003_logentry_add_action_flag_choices	2025-01-08 22:17:54.909177+05:45
6	contenttypes	0002_remove_content_type_name	2025-01-08 22:17:54.921979+05:45
7	auth	0002_alter_permission_name_max_length	2025-01-08 22:17:54.928987+05:45
8	auth	0003_alter_user_email_max_length	2025-01-08 22:17:54.934983+05:45
9	auth	0004_alter_user_username_opts	2025-01-08 22:17:54.941983+05:45
10	auth	0005_alter_user_last_login_null	2025-01-08 22:17:54.948734+05:45
11	auth	0006_require_contenttypes_0002	2025-01-08 22:17:54.950733+05:45
12	auth	0007_alter_validators_add_error_messages	2025-01-08 22:17:54.955734+05:45
13	auth	0008_alter_user_username_max_length	2025-01-08 22:17:54.966748+05:45
14	auth	0009_alter_user_last_name_max_length	2025-01-08 22:17:54.972747+05:45
15	auth	0010_alter_group_name_max_length	2025-01-08 22:17:54.979749+05:45
16	auth	0011_update_proxy_permissions	2025-01-08 22:17:54.985191+05:45
17	auth	0012_alter_user_first_name_max_length	2025-01-08 22:17:54.990265+05:45
18	home	0001_initial	2025-01-08 22:17:54.997234+05:45
19	home	0002_lostitem	2025-01-08 22:17:55.004232+05:45
20	home	0003_userprofile	2025-01-08 22:17:55.017318+05:45
21	home	0004_founditem	2025-01-08 22:17:55.023418+05:45
22	home	0005_delete_founditem	2025-01-08 22:17:55.026374+05:45
23	home	0006_remove_contact_phone_contact_email_contact_fname_and_more	2025-01-08 22:17:55.041374+05:45
24	home	0007_founditem	2025-01-08 22:17:55.049374+05:45
25	sessions	0001_initial	2025-01-08 22:17:55.056624+05:45
26	home	0008_claim	2025-01-24 20:22:55.077453+05:45
27	home	0009_itemtype_alter_founditem_item_type_and_more	2025-01-25 18:14:33.625344+05:45
28	home	0010_alter_founditem_item_type_alter_lostitem_item_type_and_more	2025-01-25 18:14:33.677968+05:45
\.


--
-- Data for Name: django_session; Type: TABLE DATA; Schema: public; Owner: shronal
--

COPY public.django_session (session_key, session_data, expire_date) FROM stdin;
esacpmv20a6x0yvma0gyfjmfjl83enbl	.eJxVjEEOwiAQRe_C2hBogTou3XsGMsOAVA0kpV0Z7y5NutDte-__t_C4rdlvLS5-ZnERWpx-GWF4xrILfmC5VxlqWZeZ5J7IwzZ5qxxf16P9O8jYcl9PbAaTRhgwKQAmmKxCgpEAonOpQ22DPY-9IReCIY1sdFLKamZNID5f3GE32A:1tc0ZB:qMNXSHqCjo6JYLjyVwv8_2vunYM725u14QXgaU-4-l8	2025-02-09 16:57:37.934677+05:45
wcdi0h75ly3cy4qrpnux5n8g3jwz6udg	.eJxVjEEOwiAQRe_C2hBogTou3XsGMsOAVA0kpV0Z7y5NutDte-__t_C4rdlvLS5-ZnERWpx-GWF4xrILfmC5VxlqWZeZ5J7IwzZ5qxxf16P9O8jYcl9PbAaTRhgwKQAmmKxCgpEAonOpQ22DPY-9IReCIY1sdFLKamZNID5f3GE32A:1tVlYa:3hpF6_RWgBNUi0rFY7qYQpOgmoiAcgcIb4O_JyUs1dw	2025-01-23 11:43:12.183743+05:45
l41e5b82eph9m7dfrqiyshvrs2bfbybl	.eJxVjEEOwiAQRe_C2hBogTou3XsGMsOAVA0kpV0Z7y5NutDte-__t_C4rdlvLS5-ZnERWpx-GWF4xrILfmC5VxlqWZeZ5J7IwzZ5qxxf16P9O8jYcl9PbAaTRhgwKQAmmKxCgpEAonOpQ22DPY-9IReCIY1sdFLKamZNID5f3GE32A:1tVlib:LNxp6g_pn4z0DWxC4_dvQB_nbH-eGGrLOasykSc1164	2025-01-23 11:53:33.256653+05:45
rdd4kxuy8wcubi6fetwv685rcsbpjquz	.eJxVjMEOwiAQRP-FsyGWstD16L3f0LDsVqoGktKejP-uJD3ocea9mZeawr6laa-yTguri7Lq9NtRiA_JDfA95FvRseRtXUg3RR-06rGwPK-H-3eQQk3fNWA0MHtj-tgRmk7QiRvo7AFMYDboohAgDTwHthZ7L1aoZcsI5NT7A9xVOCU:1tVlrt:eNbvVelZuzr0uNsoeyEAxSseBaohNmCGR9rALx_ssMw	2025-01-23 12:03:09.523985+05:45
\.


--
-- Data for Name: home_claim; Type: TABLE DATA; Schema: public; Owner: shronal
--

COPY public.home_claim (id, claimant_name, claimant_email, claimant_phone, claim_date, claim_message, found_item_id, item_id) FROM stdin;
\.


--
-- Data for Name: home_contact; Type: TABLE DATA; Schema: public; Owner: shronal
--

COPY public.home_contact (id, "desc", email, fname, lname) FROM stdin;
1		shronalduwal999@gmail.com	Shronal	Duwal
2		shronalduwal999@gmail.com	Shronal	Duwal
3		shronalduwal999@gmail.com	Shronal	Duwal
4	I have a question about the product warranty. Could you provide more details on the terms and conditions? Thank you!	shronalduwal999@gmail.com	Shronal	Blood
\.


--
-- Data for Name: home_founditem; Type: TABLE DATA; Schema: public; Owner: shronal
--

COPY public.home_founditem (id, name, email, phone, item_name, item_type, color, brand, date_found, location_found, details, photo) FROM stdin;
14	Jhon	jhonrai999@gmail.com	9808814286	Airpods	Electronics	Black	M10	2025-01-02	Canteen 	The color is black and it was found in table. The owner may be the daily customer in the canteen	found_items/WhatsApp_Image_2025-01-25_at_16_cft18u2.37.35.jpeg
15	Jhon	jhonrai999@gmail.com	9808814286	Hand gripper	Accessories	Black	None	2025-01-22	Park	It was found in park while hanging around with friends. It is an adjustable handgripper without countable features.	found_items/WhatsApp_Image_2025-01-25_at_13_ECd80BS.44.34.jpeg
16	Hari Prasad	ershronal999@gmail.com	9898081725	Wallet	Accessories	Black	BOVI'S	2025-01-25	Canteen	Found this in a canteen counter section	found_items/wallet.jpeg
17	Ram Prasad	ershronal999@gmail.com	9863254712	Sunglass	Accessories	Black	Ray	2024-12-25	Park	Ray's Sunglass with a little scratch on left side	found_items/WhatsApp_Image_2025-01-25_at_17_jpexumM.02.21.jpeg
18	Shyam Sundar	ershronal999@gmail.com	9862598624	Headphone	Electronics	Black	Sony	2025-01-19	Library	Sony's headphone, fade black color. With buttons on right side. Found in 1st floor 	found_items/WhatsApp_Image_2025-01-25_at_17_fZXk3Oa.02.20.jpeg
19	Shronal Duwal	shronalduwal999@gmail.com	9861287028	Airpods	Electronics	White	Lenovo	2025-01-01	Park	The product was seen as someone dropped. The color was white and the magnetic condition was poor.	found_items/WhatsApp_Image_2025-01-25_at_18.44.40_1.jpeg
20	Shronal Duwal	shronalduwal999@gmail.com	9861287028	Watch	Accessories	Black	Oreva	2025-01-04	Classroom	The watch was found in the classroom under the table.	found_items/WhatsApp_Image_2025-01-25_at_13.30.13.jpeg
\.


--
-- Data for Name: home_lostitem; Type: TABLE DATA; Schema: public; Owner: shronal
--

COPY public.home_lostitem (id, name, email, phone, item_name, item_type, color, brand, date_lost, location_lost, details, photo) FROM stdin;
12	Ramesh	rameshuncle123@gmail.com	9808814289	Wallet	Accessories	Black	BOVI'S	2025-01-25	College compound	It was of black color with my doucuments and cash (950) 	lost_items/WhatsApp_Image_2025-01-25_at_17.02.20_1.jpeg
13	Ramesh	rameshuncle123@gmail.com	9808814289	Sunglass	Accessories	Black	Ray	2024-12-25	Park	The sunglass with a little scratch in it. Squared shape	lost_items/WhatsApp_Image_2025-01-25_at_13_7LSgGgj.27.03.jpeg
14	Muskan Banmala	muskanbanmala9@gmail.com	98036256325	Headphone	Electronics	Black	Sony	2025-01-19	Library	I left my headphone in library. It will be in first floor. Buttons on right side	lost_items/WhatsApp_Image_2025-01-25_at_13_YvCJ58o.28.05.jpeg
15	Nischal Basnet	nischalbasnet999@gmail.com	9802581425	Watch	Accessories	Black	Oreva	2025-01-03	Class-203	The color was black. Left under the bench. 	lost_items/WhatsApp_Image_2025-01-25_at_17.02.19.jpeg
16	Saugat Hero	actorktoma99@gmail.com	9869263598	Laptop	Electronics	Silver	HP	2025-01-14	Computer lab	I left the laptop in the lab. The wall paper is of bike. Color is silver and the light bulbs in the keys	lost_items/WhatsApp_Image_2025-01-25_at_13_TVRANS3.31.57.jpeg
17	Arjun Nepali	arjun.90.kumar9@gmail.com	9808841257	Airpods	Electronics	White	Lenovo	2025-01-01	College compound	The product is of brand lenovo. I dont know where do i drop. The magnet in it was not so good	lost_items/WhatsApp_Image_2025-01-25_at_18.44.40.jpeg
18	Shronal Duwal	shronalduwal999@gmail.com	9861287028	iPhone	Electronics	Black	Apple	2025-01-23	Block F & C 	I left in the bench in the ground floor of block F&G. The wall paper is a simle graphic	lost_items/iphone11_rJuy3ZS.jpg
19	Shronal	shronalduwal999@gmail.com	9808814286	Citizenship	Documents	White	Nepali	2025-01-08	Account Section	Named with Shronal Duwal.	
\.


--
-- Data for Name: home_userprofile; Type: TABLE DATA; Schema: public; Owner: shronal
--

COPY public.home_userprofile (id, profile_pic, user_id) FROM stdin;
2	default.png	2
5	profile_pics/babyshronal.png	5
4	default.png	4
3	default.png	3
6	default.png	6
7	default.png	7
1	profile_pics/image.png	1
\.


--
-- Name: auth_group_id_seq; Type: SEQUENCE SET; Schema: public; Owner: shronal
--

SELECT pg_catalog.setval('public.auth_group_id_seq', 1, false);


--
-- Name: auth_group_permissions_id_seq; Type: SEQUENCE SET; Schema: public; Owner: shronal
--

SELECT pg_catalog.setval('public.auth_group_permissions_id_seq', 1, false);


--
-- Name: auth_permission_id_seq; Type: SEQUENCE SET; Schema: public; Owner: shronal
--

SELECT pg_catalog.setval('public.auth_permission_id_seq', 44, true);


--
-- Name: auth_user_groups_id_seq; Type: SEQUENCE SET; Schema: public; Owner: shronal
--

SELECT pg_catalog.setval('public.auth_user_groups_id_seq', 1, false);


--
-- Name: auth_user_id_seq; Type: SEQUENCE SET; Schema: public; Owner: shronal
--

SELECT pg_catalog.setval('public.auth_user_id_seq', 7, true);


--
-- Name: auth_user_user_permissions_id_seq; Type: SEQUENCE SET; Schema: public; Owner: shronal
--

SELECT pg_catalog.setval('public.auth_user_user_permissions_id_seq', 1, false);


--
-- Name: django_admin_log_id_seq; Type: SEQUENCE SET; Schema: public; Owner: shronal
--

SELECT pg_catalog.setval('public.django_admin_log_id_seq', 60, true);


--
-- Name: django_content_type_id_seq; Type: SEQUENCE SET; Schema: public; Owner: shronal
--

SELECT pg_catalog.setval('public.django_content_type_id_seq', 11, true);


--
-- Name: django_migrations_id_seq; Type: SEQUENCE SET; Schema: public; Owner: shronal
--

SELECT pg_catalog.setval('public.django_migrations_id_seq', 28, true);


--
-- Name: home_claim_id_seq; Type: SEQUENCE SET; Schema: public; Owner: shronal
--

SELECT pg_catalog.setval('public.home_claim_id_seq', 13, true);


--
-- Name: home_contact_id_seq; Type: SEQUENCE SET; Schema: public; Owner: shronal
--

SELECT pg_catalog.setval('public.home_contact_id_seq', 4, true);


--
-- Name: home_founditem_id_seq; Type: SEQUENCE SET; Schema: public; Owner: shronal
--

SELECT pg_catalog.setval('public.home_founditem_id_seq', 20, true);


--
-- Name: home_lostitem_id_seq; Type: SEQUENCE SET; Schema: public; Owner: shronal
--

SELECT pg_catalog.setval('public.home_lostitem_id_seq', 19, true);


--
-- Name: home_userprofile_id_seq; Type: SEQUENCE SET; Schema: public; Owner: shronal
--

SELECT pg_catalog.setval('public.home_userprofile_id_seq', 7, true);


--
-- Name: auth_group auth_group_name_key; Type: CONSTRAINT; Schema: public; Owner: shronal
--

ALTER TABLE ONLY public.auth_group
    ADD CONSTRAINT auth_group_name_key UNIQUE (name);


--
-- Name: auth_group_permissions auth_group_permissions_group_id_permission_id_0cd325b0_uniq; Type: CONSTRAINT; Schema: public; Owner: shronal
--

ALTER TABLE ONLY public.auth_group_permissions
    ADD CONSTRAINT auth_group_permissions_group_id_permission_id_0cd325b0_uniq UNIQUE (group_id, permission_id);


--
-- Name: auth_group_permissions auth_group_permissions_pkey; Type: CONSTRAINT; Schema: public; Owner: shronal
--

ALTER TABLE ONLY public.auth_group_permissions
    ADD CONSTRAINT auth_group_permissions_pkey PRIMARY KEY (id);


--
-- Name: auth_group auth_group_pkey; Type: CONSTRAINT; Schema: public; Owner: shronal
--

ALTER TABLE ONLY public.auth_group
    ADD CONSTRAINT auth_group_pkey PRIMARY KEY (id);


--
-- Name: auth_permission auth_permission_content_type_id_codename_01ab375a_uniq; Type: CONSTRAINT; Schema: public; Owner: shronal
--

ALTER TABLE ONLY public.auth_permission
    ADD CONSTRAINT auth_permission_content_type_id_codename_01ab375a_uniq UNIQUE (content_type_id, codename);


--
-- Name: auth_permission auth_permission_pkey; Type: CONSTRAINT; Schema: public; Owner: shronal
--

ALTER TABLE ONLY public.auth_permission
    ADD CONSTRAINT auth_permission_pkey PRIMARY KEY (id);


--
-- Name: auth_user_groups auth_user_groups_pkey; Type: CONSTRAINT; Schema: public; Owner: shronal
--

ALTER TABLE ONLY public.auth_user_groups
    ADD CONSTRAINT auth_user_groups_pkey PRIMARY KEY (id);


--
-- Name: auth_user_groups auth_user_groups_user_id_group_id_94350c0c_uniq; Type: CONSTRAINT; Schema: public; Owner: shronal
--

ALTER TABLE ONLY public.auth_user_groups
    ADD CONSTRAINT auth_user_groups_user_id_group_id_94350c0c_uniq UNIQUE (user_id, group_id);


--
-- Name: auth_user auth_user_pkey; Type: CONSTRAINT; Schema: public; Owner: shronal
--

ALTER TABLE ONLY public.auth_user
    ADD CONSTRAINT auth_user_pkey PRIMARY KEY (id);


--
-- Name: auth_user_user_permissions auth_user_user_permissions_pkey; Type: CONSTRAINT; Schema: public; Owner: shronal
--

ALTER TABLE ONLY public.auth_user_user_permissions
    ADD CONSTRAINT auth_user_user_permissions_pkey PRIMARY KEY (id);


--
-- Name: auth_user_user_permissions auth_user_user_permissions_user_id_permission_id_14a6b632_uniq; Type: CONSTRAINT; Schema: public; Owner: shronal
--

ALTER TABLE ONLY public.auth_user_user_permissions
    ADD CONSTRAINT auth_user_user_permissions_user_id_permission_id_14a6b632_uniq UNIQUE (user_id, permission_id);


--
-- Name: auth_user auth_user_username_key; Type: CONSTRAINT; Schema: public; Owner: shronal
--

ALTER TABLE ONLY public.auth_user
    ADD CONSTRAINT auth_user_username_key UNIQUE (username);


--
-- Name: django_admin_log django_admin_log_pkey; Type: CONSTRAINT; Schema: public; Owner: shronal
--

ALTER TABLE ONLY public.django_admin_log
    ADD CONSTRAINT django_admin_log_pkey PRIMARY KEY (id);


--
-- Name: django_content_type django_content_type_app_label_model_76bd3d3b_uniq; Type: CONSTRAINT; Schema: public; Owner: shronal
--

ALTER TABLE ONLY public.django_content_type
    ADD CONSTRAINT django_content_type_app_label_model_76bd3d3b_uniq UNIQUE (app_label, model);


--
-- Name: django_content_type django_content_type_pkey; Type: CONSTRAINT; Schema: public; Owner: shronal
--

ALTER TABLE ONLY public.django_content_type
    ADD CONSTRAINT django_content_type_pkey PRIMARY KEY (id);


--
-- Name: django_migrations django_migrations_pkey; Type: CONSTRAINT; Schema: public; Owner: shronal
--

ALTER TABLE ONLY public.django_migrations
    ADD CONSTRAINT django_migrations_pkey PRIMARY KEY (id);


--
-- Name: django_session django_session_pkey; Type: CONSTRAINT; Schema: public; Owner: shronal
--

ALTER TABLE ONLY public.django_session
    ADD CONSTRAINT django_session_pkey PRIMARY KEY (session_key);


--
-- Name: home_claim home_claim_pkey; Type: CONSTRAINT; Schema: public; Owner: shronal
--

ALTER TABLE ONLY public.home_claim
    ADD CONSTRAINT home_claim_pkey PRIMARY KEY (id);


--
-- Name: home_contact home_contact_pkey; Type: CONSTRAINT; Schema: public; Owner: shronal
--

ALTER TABLE ONLY public.home_contact
    ADD CONSTRAINT home_contact_pkey PRIMARY KEY (id);


--
-- Name: home_founditem home_founditem_pkey; Type: CONSTRAINT; Schema: public; Owner: shronal
--

ALTER TABLE ONLY public.home_founditem
    ADD CONSTRAINT home_founditem_pkey PRIMARY KEY (id);


--
-- Name: home_lostitem home_lostitem_pkey; Type: CONSTRAINT; Schema: public; Owner: shronal
--

ALTER TABLE ONLY public.home_lostitem
    ADD CONSTRAINT home_lostitem_pkey PRIMARY KEY (id);


--
-- Name: home_userprofile home_userprofile_pkey; Type: CONSTRAINT; Schema: public; Owner: shronal
--

ALTER TABLE ONLY public.home_userprofile
    ADD CONSTRAINT home_userprofile_pkey PRIMARY KEY (id);


--
-- Name: home_userprofile home_userprofile_user_id_key; Type: CONSTRAINT; Schema: public; Owner: shronal
--

ALTER TABLE ONLY public.home_userprofile
    ADD CONSTRAINT home_userprofile_user_id_key UNIQUE (user_id);


--
-- Name: auth_group_name_a6ea08ec_like; Type: INDEX; Schema: public; Owner: shronal
--

CREATE INDEX auth_group_name_a6ea08ec_like ON public.auth_group USING btree (name varchar_pattern_ops);


--
-- Name: auth_group_permissions_group_id_b120cbf9; Type: INDEX; Schema: public; Owner: shronal
--

CREATE INDEX auth_group_permissions_group_id_b120cbf9 ON public.auth_group_permissions USING btree (group_id);


--
-- Name: auth_group_permissions_permission_id_84c5c92e; Type: INDEX; Schema: public; Owner: shronal
--

CREATE INDEX auth_group_permissions_permission_id_84c5c92e ON public.auth_group_permissions USING btree (permission_id);


--
-- Name: auth_permission_content_type_id_2f476e4b; Type: INDEX; Schema: public; Owner: shronal
--

CREATE INDEX auth_permission_content_type_id_2f476e4b ON public.auth_permission USING btree (content_type_id);


--
-- Name: auth_user_groups_group_id_97559544; Type: INDEX; Schema: public; Owner: shronal
--

CREATE INDEX auth_user_groups_group_id_97559544 ON public.auth_user_groups USING btree (group_id);


--
-- Name: auth_user_groups_user_id_6a12ed8b; Type: INDEX; Schema: public; Owner: shronal
--

CREATE INDEX auth_user_groups_user_id_6a12ed8b ON public.auth_user_groups USING btree (user_id);


--
-- Name: auth_user_user_permissions_permission_id_1fbb5f2c; Type: INDEX; Schema: public; Owner: shronal
--

CREATE INDEX auth_user_user_permissions_permission_id_1fbb5f2c ON public.auth_user_user_permissions USING btree (permission_id);


--
-- Name: auth_user_user_permissions_user_id_a95ead1b; Type: INDEX; Schema: public; Owner: shronal
--

CREATE INDEX auth_user_user_permissions_user_id_a95ead1b ON public.auth_user_user_permissions USING btree (user_id);


--
-- Name: auth_user_username_6821ab7c_like; Type: INDEX; Schema: public; Owner: shronal
--

CREATE INDEX auth_user_username_6821ab7c_like ON public.auth_user USING btree (username varchar_pattern_ops);


--
-- Name: django_admin_log_content_type_id_c4bce8eb; Type: INDEX; Schema: public; Owner: shronal
--

CREATE INDEX django_admin_log_content_type_id_c4bce8eb ON public.django_admin_log USING btree (content_type_id);


--
-- Name: django_admin_log_user_id_c564eba6; Type: INDEX; Schema: public; Owner: shronal
--

CREATE INDEX django_admin_log_user_id_c564eba6 ON public.django_admin_log USING btree (user_id);


--
-- Name: django_session_expire_date_a5c62663; Type: INDEX; Schema: public; Owner: shronal
--

CREATE INDEX django_session_expire_date_a5c62663 ON public.django_session USING btree (expire_date);


--
-- Name: django_session_session_key_c0390e0f_like; Type: INDEX; Schema: public; Owner: shronal
--

CREATE INDEX django_session_session_key_c0390e0f_like ON public.django_session USING btree (session_key varchar_pattern_ops);


--
-- Name: home_claim_found_item_id_ef35b096; Type: INDEX; Schema: public; Owner: shronal
--

CREATE INDEX home_claim_found_item_id_ef35b096 ON public.home_claim USING btree (found_item_id);


--
-- Name: home_claim_item_id_b95d9901; Type: INDEX; Schema: public; Owner: shronal
--

CREATE INDEX home_claim_item_id_b95d9901 ON public.home_claim USING btree (item_id);


--
-- Name: auth_group_permissions auth_group_permissio_permission_id_84c5c92e_fk_auth_perm; Type: FK CONSTRAINT; Schema: public; Owner: shronal
--

ALTER TABLE ONLY public.auth_group_permissions
    ADD CONSTRAINT auth_group_permissio_permission_id_84c5c92e_fk_auth_perm FOREIGN KEY (permission_id) REFERENCES public.auth_permission(id) DEFERRABLE INITIALLY DEFERRED;


--
-- Name: auth_group_permissions auth_group_permissions_group_id_b120cbf9_fk_auth_group_id; Type: FK CONSTRAINT; Schema: public; Owner: shronal
--

ALTER TABLE ONLY public.auth_group_permissions
    ADD CONSTRAINT auth_group_permissions_group_id_b120cbf9_fk_auth_group_id FOREIGN KEY (group_id) REFERENCES public.auth_group(id) DEFERRABLE INITIALLY DEFERRED;


--
-- Name: auth_permission auth_permission_content_type_id_2f476e4b_fk_django_co; Type: FK CONSTRAINT; Schema: public; Owner: shronal
--

ALTER TABLE ONLY public.auth_permission
    ADD CONSTRAINT auth_permission_content_type_id_2f476e4b_fk_django_co FOREIGN KEY (content_type_id) REFERENCES public.django_content_type(id) DEFERRABLE INITIALLY DEFERRED;


--
-- Name: auth_user_groups auth_user_groups_group_id_97559544_fk_auth_group_id; Type: FK CONSTRAINT; Schema: public; Owner: shronal
--

ALTER TABLE ONLY public.auth_user_groups
    ADD CONSTRAINT auth_user_groups_group_id_97559544_fk_auth_group_id FOREIGN KEY (group_id) REFERENCES public.auth_group(id) DEFERRABLE INITIALLY DEFERRED;


--
-- Name: auth_user_groups auth_user_groups_user_id_6a12ed8b_fk_auth_user_id; Type: FK CONSTRAINT; Schema: public; Owner: shronal
--

ALTER TABLE ONLY public.auth_user_groups
    ADD CONSTRAINT auth_user_groups_user_id_6a12ed8b_fk_auth_user_id FOREIGN KEY (user_id) REFERENCES public.auth_user(id) DEFERRABLE INITIALLY DEFERRED;


--
-- Name: auth_user_user_permissions auth_user_user_permi_permission_id_1fbb5f2c_fk_auth_perm; Type: FK CONSTRAINT; Schema: public; Owner: shronal
--

ALTER TABLE ONLY public.auth_user_user_permissions
    ADD CONSTRAINT auth_user_user_permi_permission_id_1fbb5f2c_fk_auth_perm FOREIGN KEY (permission_id) REFERENCES public.auth_permission(id) DEFERRABLE INITIALLY DEFERRED;


--
-- Name: auth_user_user_permissions auth_user_user_permissions_user_id_a95ead1b_fk_auth_user_id; Type: FK CONSTRAINT; Schema: public; Owner: shronal
--

ALTER TABLE ONLY public.auth_user_user_permissions
    ADD CONSTRAINT auth_user_user_permissions_user_id_a95ead1b_fk_auth_user_id FOREIGN KEY (user_id) REFERENCES public.auth_user(id) DEFERRABLE INITIALLY DEFERRED;


--
-- Name: django_admin_log django_admin_log_content_type_id_c4bce8eb_fk_django_co; Type: FK CONSTRAINT; Schema: public; Owner: shronal
--

ALTER TABLE ONLY public.django_admin_log
    ADD CONSTRAINT django_admin_log_content_type_id_c4bce8eb_fk_django_co FOREIGN KEY (content_type_id) REFERENCES public.django_content_type(id) DEFERRABLE INITIALLY DEFERRED;


--
-- Name: django_admin_log django_admin_log_user_id_c564eba6_fk_auth_user_id; Type: FK CONSTRAINT; Schema: public; Owner: shronal
--

ALTER TABLE ONLY public.django_admin_log
    ADD CONSTRAINT django_admin_log_user_id_c564eba6_fk_auth_user_id FOREIGN KEY (user_id) REFERENCES public.auth_user(id) DEFERRABLE INITIALLY DEFERRED;


--
-- Name: home_claim home_claim_found_item_id_ef35b096_fk_home_founditem_id; Type: FK CONSTRAINT; Schema: public; Owner: shronal
--

ALTER TABLE ONLY public.home_claim
    ADD CONSTRAINT home_claim_found_item_id_ef35b096_fk_home_founditem_id FOREIGN KEY (found_item_id) REFERENCES public.home_founditem(id) DEFERRABLE INITIALLY DEFERRED;


--
-- Name: home_claim home_claim_item_id_b95d9901_fk_home_lostitem_id; Type: FK CONSTRAINT; Schema: public; Owner: shronal
--

ALTER TABLE ONLY public.home_claim
    ADD CONSTRAINT home_claim_item_id_b95d9901_fk_home_lostitem_id FOREIGN KEY (item_id) REFERENCES public.home_lostitem(id) DEFERRABLE INITIALLY DEFERRED;


--
-- Name: home_userprofile home_userprofile_user_id_d1f7b466_fk_auth_user_id; Type: FK CONSTRAINT; Schema: public; Owner: shronal
--

ALTER TABLE ONLY public.home_userprofile
    ADD CONSTRAINT home_userprofile_user_id_d1f7b466_fk_auth_user_id FOREIGN KEY (user_id) REFERENCES public.auth_user(id) DEFERRABLE INITIALLY DEFERRED;


--
-- Name: SCHEMA public; Type: ACL; Schema: -; Owner: pg_database_owner
--

GRANT ALL ON SCHEMA public TO shronal;


--
-- Name: DEFAULT PRIVILEGES FOR TABLES; Type: DEFAULT ACL; Schema: public; Owner: postgres
--

ALTER DEFAULT PRIVILEGES FOR ROLE postgres IN SCHEMA public GRANT ALL ON TABLES TO shronal;


--
-- PostgreSQL database dump complete
--

